List1,List2,List3,List4,,
snow,card,lesson,house,,
cow,rat,lights,doll,,
store,mental,quick,back,,
owner,lily,guts,tower,,
shadow,story,lines,won,,
coffee,send,works,remove,,
sugar,bodies,shoot,spot,,
still,bar,square,club,,
joke,care,shake,dreams,,
suck,air,bell,stay,,
nine,record,think,glad,,
trace,hand,winner,merry,,
sword,wallet,papers,battle,,
sea,bad,appears,cake,,
want,none,arrest,trouble,,
finds,playing,covered,brown,,
took,cage,channel,fool,,
shape,rest,garden,drew,,
mirror,mercy,stuff,sold,,
meeting,green,film,table,,
bitch,ones,career,pills,,
driver,mad,power,they,,
police,deep,suffer,hired,,
cash,receive,gun,creature,,
dollar,matters,straight,media,,
wonder,test,thief,asleep,,
drag,turkey,jail,each,,
favor,plant,bond,field,,
steps,search,hold,skin,,
twice,shopping,effect,gotten,,
bury,series,writing,names,,
dumb,there,in,ray,,
wire,carry,release,pounds,,
fire,doctor,broke,kinds,,
research,sport,years,threw,,
plate,crew,mum,level,,
talk,make,bug,jacket,,
wore,woke,wide,flesh,,
golf,feeling,sue,pot,,
mighty,keep,four,holy,,
knees,go,grace,course,,
smith,catch,crane,lady,,
these,proper,waste,fourth,,
you,case,suppose,pieces,,
steal,falling,bottom,dump,,
turn,bright,scared,station,,
loved,bullet,angel,event,,
image,candy,master,season,,
round,please,queen,tail,,
birth,land,will,met,,
panic,knocked,metal,fast,,
zone,bones,times,health,,
call,passion,page,cheese,,
offered,jobs,changed,kitty,,
left,death,bowl,any,,
marshall,then,view,meant,,
empty,size,truck,front,,
chuck,awesome,third,letters,,
tongue,party,trash,aunt,,
couple,singing,learn,into,,